位置(pixel),相对强度
0.0,105.0
1.0,160.0
2.0,168.0
3.0,160.0
4.0,182.0
5.0,118.0
6.0,98.0
7.0,153.0
8.0,174.0
9.0,205.0
10.0,166.0
11.0,142.0
12.0,113.0
13.0,169.0
14.0,216.0
15.0,149.0
16.0,182.0
17.0,209.0
18.0,216.0
19.0,173.0
20.0,192.0
21.0,190.0
22.0,140.0
23.0,177.0
24.0,172.0
25.0,178.0
26.0,165.0
27.0,114.0
28.0,201.0
29.0,186.0
30.0,210.0
31.0,145.0
32.0,132.0
33.0,179.0
34.0,118.0
35.0,167.0
36.0,135.0
37.0,153.0
38.0,104.0
39.0,162.0
40.0,157.0
41.0,120.0
42.0,149.0
43.0,174.0
44.0,208.0
45.0,174.0
46.0,202.0
47.0,167.0
48.0,203.0
49.0,174.0
50.0,162.0
51.0,199.0
52.0,200.0
53.0,145.0
54.0,155.0
55.0,118.0
56.0,177.0
57.0,231.0
58.0,162.0
59.0,179.0
60.0,138.0
61.0,155.0
62.0,165.0
63.0,169.0
64.0,161.0
65.0,188.0
66.0,142.0
67.0,171.0
68.0,160.0
69.0,196.0
70.0,235.0
71.0,195.0
72.0,194.0
73.0,172.0
74.0,106.0
75.0,92.0
76.0,154.0
77.0,129.0
78.0,162.0
79.0,183.0
80.0,186.0
81.0,208.0
82.0,162.0
83.0,111.0
84.0,132.0
85.0,187.0
86.0,144.0
87.0,146.0
88.0,181.0
89.0,176.0
90.0,202.0
91.0,184.0
92.0,134.0
93.0,168.0
94.0,181.0
95.0,158.0
96.0,207.0
97.0,194.0
98.0,173.0
99.0,211.0
100.0,165.0
101.0,176.0
102.0,136.0
103.0,196.0
104.0,151.0
105.0,186.0
106.0,245.0
107.0,233.0
108.0,201.0
109.0,155.0
110.0,192.0
111.0,211.0
112.0,201.0
113.0,211.0
114.0,137.0
115.0,173.0
116.0,221.0
117.0,228.0
118.0,212.0
119.0,190.0
120.0,221.0
121.0,230.0
122.0,176.0
123.0,234.0
124.0,225.0
125.0,178.0
126.0,194.0
127.0,180.0
128.0,179.0
129.0,146.0
130.0,188.0
131.0,150.0
132.0,168.0
133.0,128.0
134.0,205.0
135.0,235.0
136.0,172.0
137.0,216.0
138.0,256.0
139.0,249.0
140.0,279.0
141.0,266.0
142.0,228.0
143.0,307.0
144.0,283.0
145.0,216.0
146.0,185.0
147.0,189.0
148.0,194.0
149.0,187.0
150.0,208.0
151.0,238.0
152.0,216.0
153.0,192.0
154.0,272.0
155.0,196.0
156.0,160.0
157.0,163.0
158.0,215.0
159.0,172.0
160.0,160.0
161.0,190.0
162.0,215.0
163.0,258.0
164.0,266.0
165.0,286.0
166.0,224.0
167.0,253.0
168.0,229.0
169.0,228.0
170.0,232.0
171.0,248.0
172.0,189.0
173.0,173.0
174.0,175.0
175.0,226.0
176.0,228.0
177.0,238.0
178.0,220.0
179.0,236.0
180.0,200.0
181.0,259.0
182.0,290.0
183.0,267.0
184.0,289.0
185.0,289.0
186.0,238.0
187.0,221.0
188.0,176.0
189.0,184.0
190.0,200.0
191.0,184.0
192.0,227.0
193.0,173.0
194.0,196.0
195.0,221.0
196.0,171.0
197.0,232.0
198.0,261.0
199.0,188.0
200.0,247.0
201.0,177.0
202.0,228.0
203.0,185.0
204.0,215.0
205.0,183.0
206.0,158.0
207.0,216.0
208.0,170.0
209.0,208.0
210.0,228.0
211.0,216.0
212.0,236.0
213.0,209.0
214.0,199.0
215.0,243.0
216.0,184.0
217.0,221.0
218.0,207.0
219.0,194.0
220.0,172.0
221.0,215.0
222.0,206.0
223.0,173.0
224.0,242.0
225.0,192.0
226.0,197.0
227.0,148.0
228.0,150.0
229.0,231.0
230.0,168.0
231.0,234.0
232.0,185.0
233.0,203.0
234.0,171.0
235.0,157.0
236.0,183.0
237.0,158.0
238.0,219.0
239.0,191.0
240.0,172.0
241.0,236.0
242.0,211.0
243.0,211.0
244.0,181.0
245.0,170.0
246.0,227.0
247.0,220.0
248.0,256.0
249.0,231.0
250.0,210.0
251.0,241.0
252.0,203.0
253.0,212.0
254.0,181.0
255.0,224.0
256.0,255.0
257.0,254.0
258.0,275.0
259.0,282.0
260.0,198.0
261.0,203.0
262.0,215.0
263.0,223.0
264.0,222.0
265.0,191.0
266.0,235.0
267.0,210.0
268.0,237.0
269.0,201.0
270.0,269.0
271.0,211.0
272.0,269.0
273.0,195.0
274.0,208.0
275.0,202.0
276.0,225.0
277.0,175.0
278.0,238.0
279.0,212.0
280.0,219.0
281.0,246.0
282.0,250.0
283.0,244.0
284.0,241.0
285.0,228.0
286.0,274.0
287.0,232.0
288.0,268.0
289.0,264.0
290.0,261.0
291.0,243.0
292.0,255.0
293.0,249.0
294.0,269.0
295.0,218.0
296.0,261.0
297.0,194.0
298.0,219.0
299.0,205.0
300.0,237.0
301.0,253.0
302.0,265.0
303.0,290.0
304.0,324.0
305.0,251.0
306.0,265.0
307.0,281.0
308.0,225.0
309.0,276.0
310.0,308.0
311.0,269.0
312.0,297.0
313.0,235.0
314.0,271.0
315.0,215.0
316.0,271.0
317.0,235.0
318.0,217.0
319.0,219.0
320.0,186.0
321.0,190.0
322.0,237.0
323.0,200.0
324.0,261.0
325.0,239.0
326.0,268.0
327.0,210.0
328.0,240.0
329.0,193.0
330.0,156.0
331.0,202.0
332.0,241.0
333.0,253.0
334.0,285.0
335.0,243.0
336.0,225.0
337.0,179.0
338.0,216.0
339.0,208.0
340.0,222.0
341.0,269.0
342.0,213.0
343.0,180.0
344.0,203.0
345.0,170.0
346.0,230.0
347.0,271.0
348.0,228.0
349.0,244.0
350.0,273.0
351.0,252.0
352.0,251.0
353.0,261.0
354.0,228.0
355.0,221.0
356.0,247.0
357.0,225.0
358.0,255.0
359.0,281.0
360.0,274.0
361.0,287.0
362.0,294.0
363.0,231.0
364.0,212.0
365.0,225.0
366.0,269.0
367.0,298.0
368.0,275.0
369.0,279.0
370.0,235.0
371.0,205.0
372.0,207.0
373.0,196.0
374.0,224.0
375.0,204.0
376.0,287.0
377.0,292.0
378.0,291.0
379.0,269.0
380.0,312.0
381.0,266.0
382.0,225.0
383.0,241.0
384.0,293.0
385.0,294.0
386.0,294.0
387.0,305.0
388.0,333.0
389.0,363.0
390.0,332.0
391.0,325.0
392.0,258.0
393.0,274.0
394.0,298.0
395.0,334.0
396.0,284.0
397.0,271.0
398.0,304.0
399.0,306.0
400.0,321.0
401.0,334.0
402.0,247.0
403.0,277.0
404.0,322.0
405.0,335.0
406.0,259.0
407.0,305.0
408.0,246.0
409.0,240.0
410.0,237.0
411.0,294.0
412.0,222.0
413.0,248.0
414.0,264.0
415.0,232.0
416.0,213.0
417.0,295.0
418.0,271.0
419.0,222.0
420.0,232.0
421.0,228.0
422.0,260.0
423.0,302.0
424.0,312.0
425.0,335.0
426.0,319.0
427.0,241.0
428.0,272.0
429.0,308.0
430.0,334.0
431.0,344.0
432.0,338.0
433.0,370.0
434.0,320.0
435.0,319.0
436.0,318.0
437.0,325.0
438.0,310.0
439.0,300.0
440.0,290.0
441.0,306.0
442.0,295.0
443.0,224.0
444.0,224.0
445.0,218.0
446.0,283.0
447.0,277.0
448.0,297.0
449.0,259.0
450.0,289.0
451.0,282.0
452.0,335.0
453.0,337.0
454.0,295.0
455.0,364.0
456.0,313.0
457.0,278.0
458.0,245.0
459.0,278.0
460.0,224.0
461.0,274.0
462.0,286.0
463.0,294.0
464.0,251.0
465.0,296.0
466.0,326.0
467.0,344.0
468.0,321.0
469.0,309.0
470.0,298.0
471.0,233.0
472.0,240.0
473.0,287.0
474.0,303.0
475.0,325.0
476.0,313.0
477.0,330.0
478.0,297.0
479.0,257.0
480.0,272.0
481.0,312.0
482.0,248.0
483.0,311.0
484.0,291.0
485.0,249.0
486.0,244.0
487.0,301.0
488.0,337.0
489.0,311.0
490.0,279.0
491.0,274.0
492.0,313.0
493.0,298.0
494.0,322.0
495.0,281.0
496.0,293.0
497.0,310.0
498.0,304.0
499.0,274.0
500.0,229.0
501.0,236.0
502.0,255.0
503.0,265.0
504.0,286.0
505.0,328.0
506.0,369.0
507.0,359.0
508.0,311.0
509.0,268.0
510.0,322.0
511.0,343.0
512.0,308.0
513.0,267.0
514.0,262.0
515.0,289.0
516.0,288.0
517.0,371.0
518.0,340.0
519.0,313.0
520.0,371.0
521.0,344.0
522.0,326.0
523.0,363.0
524.0,361.0
525.0,344.0
526.0,286.0
527.0,318.0
528.0,292.0
529.0,300.0
530.0,287.0
531.0,266.0
532.0,324.0
533.0,324.0
534.0,284.0
535.0,306.0
536.0,283.0
537.0,314.0
538.0,291.0
539.0,341.0
540.0,363.0
541.0,324.0
542.0,288.0
543.0,303.0
544.0,280.0
545.0,277.0
546.0,341.0
547.0,328.0
548.0,351.0
549.0,355.0
550.0,311.0
551.0,314.0
552.0,344.0
553.0,290.0
554.0,363.0
555.0,336.0
556.0,299.0
557.0,290.0
558.0,334.0
559.0,266.0
560.0,320.0
561.0,306.0
562.0,275.0
563.0,282.0
564.0,257.0
565.0,283.0
566.0,295.0
567.0,312.0
568.0,329.0
569.0,325.0
570.0,339.0
571.0,340.0
572.0,386.0
573.0,384.0
574.0,338.0
575.0,386.0
576.0,381.0
577.0,367.0
578.0,347.0
579.0,315.0
580.0,297.0
581.0,350.0
582.0,363.0
583.0,302.0
584.0,385.0
585.0,370.0
586.0,342.0
587.0,359.0
588.0,386.0
589.0,360.0
590.0,323.0
591.0,362.0
592.0,371.0
593.0,321.0
594.0,347.0
595.0,367.0
596.0,362.0
597.0,331.0
598.0,332.0
599.0,333.0
600.0,351.0
601.0,397.0
602.0,421.0
603.0,388.0
604.0,400.0
605.0,339.0
606.0,372.0
607.0,416.0
608.0,390.0
609.0,426.0
610.0,376.0
611.0,383.0
612.0,360.0
613.0,340.0
614.0,378.0
615.0,401.0
616.0,328.0
617.0,306.0
618.0,339.0
619.0,363.0
620.0,406.0
621.0,330.0
622.0,342.0
623.0,390.0
624.0,394.0
625.0,356.0
626.0,319.0
627.0,365.0
628.0,335.0
629.0,339.0
630.0,337.0
631.0,331.0
632.0,326.0
633.0,369.0
634.0,403.0
635.0,338.0
636.0,293.0
637.0,285.0
638.0,284.0
639.0,313.0
640.0,305.0
641.0,306.0
642.0,294.0
643.0,329.0
644.0,382.0
645.0,333.0
646.0,336.0
647.0,327.0
648.0,334.0
649.0,386.0
650.0,344.0
651.0,337.0
652.0,382.0
653.0,315.0
654.0,322.0
655.0,390.0
656.0,364.0
657.0,381.0
658.0,316.0
659.0,318.0
660.0,323.0
661.0,358.0
662.0,314.0
663.0,306.0
664.0,334.0
665.0,343.0
666.0,355.0
667.0,408.0
668.0,386.0
669.0,391.0
670.0,404.0
671.0,381.0
672.0,339.0
673.0,366.0
674.0,331.0
675.0,391.0
676.0,422.0
677.0,411.0
678.0,439.0
679.0,454.0
680.0,436.0
681.0,402.0
682.0,367.0
683.0,432.0
684.0,458.0
685.0,421.0
686.0,437.0
687.0,440.0
688.0,422.0
689.0,443.0
690.0,424.0
691.0,461.0
692.0,352.0
693.0,326.0
694.0,355.0
695.0,415.0
696.0,371.0
697.0,428.0
698.0,376.0
699.0,379.0
700.0,419.0
701.0,431.0
702.0,451.0
703.0,409.0
704.0,428.0
705.0,390.0
706.0,372.0
707.0,429.0
708.0,416.0
709.0,379.0
710.0,352.0
711.0,455.0
712.0,466.0
713.0,481.0
714.0,515.0
715.0,399.0
716.0,396.0
717.0,356.0
718.0,383.0
719.0,460.0
720.0,421.0
721.0,338.0
722.0,349.0
723.0,394.0
724.0,417.0
725.0,368.0
726.0,401.0
727.0,381.0
728.0,368.0
729.0,455.0
730.0,410.0
731.0,484.0
732.0,507.0
733.0,461.0
734.0,435.0
735.0,423.0
736.0,490.0
737.0,518.0
738.0,512.0
739.0,449.0
740.0,449.0
741.0,490.0
742.0,519.0
743.0,544.0
744.0,520.0
745.0,454.0
746.0,510.0
747.0,453.0
748.0,482.0
749.0,439.0
750.0,437.0
751.0,406.0
752.0,499.0
753.0,499.0
754.0,508.0
755.0,520.0
756.0,502.0
757.0,515.0
758.0,548.0
759.0,490.0
760.0,449.0
761.0,490.0
762.0,481.0
763.0,430.0
764.0,473.0
765.0,524.0
766.0,535.0
767.0,541.0
768.0,543.0
769.0,484.0
770.0,493.0
771.0,463.0
772.0,488.0
773.0,520.0
774.0,499.0
775.0,513.0
776.0,525.0
777.0,535.0
778.0,498.0
779.0,525.0
780.0,530.0
781.0,514.0
782.0,458.0
783.0,506.0
784.0,486.0
785.0,528.0
786.0,547.0
787.0,539.0
788.0,541.0
789.0,487.0
790.0,472.0
791.0,469.0
792.0,486.0
793.0,436.0
794.0,428.0
795.0,424.0
796.0,368.0
797.0,394.0
798.0,507.0
799.0,459.0
800.0,548.0
801.0,556.0
802.0,561.0
803.0,512.0
804.0,556.0
805.0,479.0
806.0,450.0
807.0,486.0
808.0,532.0
809.0,480.0
810.0,472.0
811.0,512.0
812.0,585.0
813.0,583.0
814.0,532.0
815.0,528.0
816.0,494.0
817.0,469.0
818.0,486.0
819.0,552.0
820.0,575.0
821.0,553.0
822.0,546.0
823.0,492.0
824.0,539.0
825.0,518.0
826.0,556.0
827.0,475.0
828.0,464.0
829.0,486.0
830.0,516.0
831.0,526.0
832.0,533.0
833.0,480.0
834.0,470.0
835.0,564.0
836.0,599.0
837.0,533.0
838.0,538.0
839.0,576.0
840.0,525.0
841.0,548.0
842.0,570.0
843.0,510.0
844.0,514.0
845.0,492.0
846.0,532.0
847.0,555.0
848.0,631.0
849.0,590.0
850.0,563.0
851.0,525.0
852.0,579.0
853.0,571.0
854.0,616.0
855.0,544.0
856.0,599.0
857.0,567.0
858.0,578.0
859.0,602.0
860.0,634.0
861.0,640.0
862.0,570.0
863.0,591.0
864.0,573.0
865.0,589.0
866.0,557.0
867.0,578.0
868.0,645.0
869.0,608.0
870.0,571.0
871.0,613.0
872.0,623.0
873.0,649.0
874.0,654.0
875.0,597.0
876.0,645.0
877.0,650.0
878.0,654.0
879.0,625.0
880.0,566.0
881.0,556.0
882.0,586.0
883.0,567.0
884.0,619.0
885.0,612.0
886.0,578.0
887.0,637.0
888.0,589.0
889.0,590.0
890.0,623.0
891.0,670.0
892.0,655.0
893.0,662.0
894.0,587.0
895.0,674.0
896.0,681.0
897.0,665.0
898.0,695.0
899.0,657.0
900.0,630.0
901.0,598.0
902.0,577.0
903.0,651.0
904.0,657.0
905.0,689.0
906.0,645.0
907.0,644.0
908.0,677.0
909.0,658.0
910.0,635.0
911.0,693.0
912.0,666.0
913.0,685.0
914.0,627.0
915.0,636.0
916.0,665.0
917.0,684.0
918.0,642.0
919.0,647.0
920.0,715.0
921.0,765.0
922.0,713.0
923.0,665.0
924.0,658.0
925.0,673.0
926.0,706.0
927.0,724.0
928.0,700.0
929.0,727.0
930.0,695.0
931.0,732.0
932.0,768.0
933.0,800.0
934.0,739.0
935.0,703.0
936.0,674.0
937.0,779.0
938.0,741.0
939.0,781.0
940.0,820.0
941.0,820.0
942.0,782.0
943.0,777.0
944.0,753.0
945.0,749.0
946.0,842.0
947.0,816.0
948.0,769.0
949.0,861.0
950.0,879.0
951.0,835.0
952.0,826.0
953.0,868.0
954.0,908.0
955.0,929.0
956.0,917.0
957.0,978.0
958.0,945.0
959.0,953.0
960.0,1020.0
961.0,974.0
962.0,997.0
963.0,1020.0
964.0,1085.0
965.0,1141.0
966.0,1151.0
967.0,1110.0
968.0,1183.0
969.0,1222.0
970.0,1271.0
971.0,1302.0
972.0,1254.0
973.0,1368.0
974.0,1404.0
975.0,1443.0
976.0,1397.0
977.0,1398.0
978.0,1457.0
979.0,1518.0
980.0,1487.0
981.0,1537.0
982.0,1600.0
983.0,1619.0
984.0,1649.0
985.0,1698.0
986.0,1663.0
987.0,1701.0
988.0,1777.0
989.0,1854.0
990.0,1870.0
991.0,1859.0
992.0,1864.0
993.0,1804.0
994.0,1881.0
995.0,1941.0
996.0,2003.0
997.0,2118.0
998.0,2095.0
999.0,2113.0
1000.0,2186.0
1001.0,2255.0
1002.0,2246.0
1003.0,2265.0
1004.0,2266.0
1005.0,2311.0
1006.0,2307.0
1007.0,2369.0
1008.0,2463.0
1009.0,2477.0
1010.0,2461.0
1011.0,2525.0
1012.0,2524.0
1013.0,2575.0
1014.0,2546.0
1015.0,2461.0
1016.0,2486.0
1017.0,2494.0
1018.0,2606.0
1019.0,2664.0
1020.0,2609.0
1021.0,2601.0
1022.0,2649.0
1023.0,2643.0
1024.0,2600.0
1025.0,2625.0
1026.0,2678.0
1027.0,2645.0
1028.0,2594.0
1029.0,2605.0
1030.0,2604.0
1031.0,2561.0
1032.0,2497.0
1033.0,2586.0
1034.0,2614.0
1035.0,2550.0
1036.0,2540.0
1037.0,2488.0
1038.0,2514.0
1039.0,2447.0
1040.0,2530.0
1041.0,2505.0
1042.0,2462.0
1043.0,2457.0
1044.0,2488.0
1045.0,2473.0
1046.0,2472.0
1047.0,2466.0
1048.0,2453.0
1049.0,2401.0
1050.0,2402.0
1051.0,2390.0
1052.0,2313.0
1053.0,2270.0
1054.0,2236.0
1055.0,2197.0
1056.0,2134.0
1057.0,2191.0
1058.0,2217.0
1059.0,2238.0
1060.0,2203.0
1061.0,2158.0
1062.0,2074.0
1063.0,2022.0
1064.0,1957.0
1065.0,1923.0
1066.0,1906.0
1067.0,1842.0
1068.0,1816.0
1069.0,1857.0
1070.0,1812.0
1071.0,1765.0
1072.0,1789.0
1073.0,1715.0
1074.0,1736.0
1075.0,1727.0
1076.0,1674.0
1077.0,1653.0
1078.0,1632.0
1079.0,1526.0
1080.0,1474.0
1081.0,1491.0
1082.0,1517.0
1083.0,1471.0
1084.0,1394.0
1085.0,1375.0
1086.0,1399.0
1087.0,1431.0
1088.0,1354.0
1089.0,1403.0
1090.0,1384.0
1091.0,1379.0
1092.0,1270.0
1093.0,1268.0
1094.0,1295.0
1095.0,1272.0
1096.0,1293.0
1097.0,1287.0
1098.0,1273.0
1099.0,1297.0
1100.0,1282.0
1101.0,1271.0
1102.0,1261.0
1103.0,1216.0
1104.0,1172.0
1105.0,1192.0
1106.0,1171.0
1107.0,1182.0
1108.0,1153.0
1109.0,1151.0
1110.0,1179.0
1111.0,1193.0
1112.0,1205.0
1113.0,1151.0
1114.0,1222.0
1115.0,1266.0
1116.0,1258.0
1117.0,1249.0
1118.0,1211.0
1119.0,1182.0
1120.0,1189.0
1121.0,1213.0
1122.0,1215.0
1123.0,1168.0
1124.0,1129.0
1125.0,1118.0
1126.0,1146.0
1127.0,1196.0
1128.0,1189.0
1129.0,1203.0
1130.0,1139.0
1131.0,1139.0
1132.0,1108.0
1133.0,1109.0
1134.0,1164.0
1135.0,1232.0
1136.0,1244.0
1137.0,1235.0
1138.0,1248.0
1139.0,1230.0
1140.0,1248.0
1141.0,1241.0
1142.0,1175.0
1143.0,1237.0
1144.0,1256.0
1145.0,1226.0
1146.0,1241.0
1147.0,1199.0
1148.0,1159.0
1149.0,1149.0
1150.0,1145.0
1151.0,1160.0
1152.0,1181.0
1153.0,1221.0
1154.0,1270.0
1155.0,1264.0
1156.0,1255.0
1157.0,1281.0
1158.0,1272.0
1159.0,1274.0
1160.0,1287.0
1161.0,1277.0
1162.0,1294.0
1163.0,1320.0
1164.0,1322.0
1165.0,1315.0
1166.0,1300.0
1167.0,1338.0
1168.0,1326.0
1169.0,1385.0
1170.0,1328.0
1171.0,1316.0
1172.0,1342.0
1173.0,1426.0
1174.0,1386.0
1175.0,1474.0
1176.0,1484.0
1177.0,1551.0
1178.0,1526.0
1179.0,1577.0
1180.0,1615.0
1181.0,1694.0
1182.0,1656.0
1183.0,1752.0
1184.0,1836.0
1185.0,1806.0
1186.0,1929.0
1187.0,1859.0
1188.0,1998.0
1189.0,2066.0
1190.0,2115.0
1191.0,2153.0
1192.0,2147.0
1193.0,2219.0
1194.0,2282.0
1195.0,2291.0
1196.0,2352.0
1197.0,2388.0
1198.0,2419.0
1199.0,2474.0
1200.0,2579.0
1201.0,2597.0
1202.0,2665.0
1203.0,2712.0
1204.0,2680.0
1205.0,2785.0
1206.0,2860.0
1207.0,2932.0
1208.0,2925.0
1209.0,3006.0
1210.0,3038.0
1211.0,3087.0
1212.0,3141.0
1213.0,3251.0
1214.0,3305.0
1215.0,3305.0
1216.0,3351.0
1217.0,3328.0
1218.0,3429.0
1219.0,3433.0
1220.0,3598.0
1221.0,3593.0
1222.0,3633.0
1223.0,3672.0
1224.0,3698.0
1225.0,3763.0
1226.0,3797.0
1227.0,3878.0
1228.0,3908.0
1229.0,3935.0
1230.0,3952.0
1231.0,3979.0
1232.0,4042.0
1233.0,4027.0
1234.0,4063.0
1235.0,4109.0
1236.0,4137.0
1237.0,4187.0
1238.0,4191.0
1239.0,4226.0
1240.0,4140.0
1241.0,4220.0
1242.0,4197.0
1243.0,4223.0
1244.0,4101.0
1245.0,4118.0
1246.0,4074.0
1247.0,4093.0
1248.0,3992.0
1249.0,4079.0
1250.0,4020.0
1251.0,4019.0
1252.0,4008.0
1253.0,3989.0
1254.0,4021.0
1255.0,3982.0
1256.0,3982.0
1257.0,4002.0
1258.0,4026.0
1259.0,3966.0
1260.0,3900.0
1261.0,3937.0
1262.0,3917.0
1263.0,3906.0
1264.0,3871.0
1265.0,3848.0
1266.0,3759.0
1267.0,3754.0
1268.0,3707.0
1269.0,3703.0
1270.0,3603.0
1271.0,3583.0
1272.0,3550.0
1273.0,3511.0
1274.0,3494.0
1275.0,3409.0
1276.0,3353.0
1277.0,3365.0
1278.0,3308.0
1279.0,3194.0
1280.0,3171.0
1281.0,3120.0
1282.0,3027.0
1283.0,3011.0
1284.0,2993.0
1285.0,2892.0
1286.0,2902.0
1287.0,2861.0
1288.0,2830.0
1289.0,2809.0
1290.0,2788.0
1291.0,2735.0
1292.0,2600.0
1293.0,2520.0
1294.0,2541.0
1295.0,2500.0
1296.0,2492.0
1297.0,2446.0
1298.0,2474.0
1299.0,2345.0
1300.0,2305.0
1301.0,2309.0
1302.0,2289.0
1303.0,2297.0
1304.0,2183.0
1305.0,2089.0
1306.0,2113.0
1307.0,2087.0
1308.0,2055.0
1309.0,2009.0
1310.0,1994.0
1311.0,2008.0
1312.0,1988.0
1313.0,1915.0
1314.0,1897.0
1315.0,1911.0
1316.0,1876.0
1317.0,1902.0
1318.0,1948.0
1319.0,1966.0
1320.0,1960.0
1321.0,1843.0
1322.0,1778.0
1323.0,1826.0
1324.0,1848.0
1325.0,1854.0
1326.0,1817.0
1327.0,1825.0
1328.0,1834.0
1329.0,1799.0
1330.0,1887.0
1331.0,1870.0
1332.0,1874.0
1333.0,1955.0
1334.0,1987.0
1335.0,1949.0
1336.0,1973.0
1337.0,2003.0
1338.0,1978.0
1339.0,2017.0
1340.0,2059.0
1341.0,2085.0
1342.0,2158.0
1343.0,2170.0
1344.0,2225.0
1345.0,2211.0
1346.0,2283.0
1347.0,2370.0
1348.0,2391.0
1349.0,2349.0
1350.0,2410.0
1351.0,2476.0
1352.0,2633.0
1353.0,2739.0
1354.0,2786.0
1355.0,2843.0
1356.0,2936.0
1357.0,3055.0
1358.0,3169.0
1359.0,3295.0
1360.0,3456.0
1361.0,3556.0
1362.0,3632.0
1363.0,3786.0
1364.0,4018.0
1365.0,4177.0
1366.0,4248.0
1367.0,4378.0
1368.0,4498.0
1369.0,4600.0
1370.0,4798.0
1371.0,4942.0
1372.0,5148.0
1373.0,5256.0
1374.0,5471.0
1375.0,5556.0
1376.0,5752.0
1377.0,5778.0
1378.0,5872.0
1379.0,6016.0
1380.0,6183.0
1381.0,6273.0
1382.0,6364.0
1383.0,6507.0
1384.0,6608.0
1385.0,6832.0
1386.0,6996.0
1387.0,7091.0
1388.0,7218.0
1389.0,7331.0
1390.0,7556.0
1391.0,7681.0
1392.0,7770.0
1393.0,7738.0
1394.0,7896.0
1395.0,8141.0
1396.0,8203.0
1397.0,8331.0
1398.0,8554.0
1399.0,8641.0
1400.0,8747.0
1401.0,8830.0
1402.0,8981.0
1403.0,9060.0
1404.0,9128.0
1405.0,9155.0
1406.0,9250.0
1407.0,9323.0
1408.0,9418.0
1409.0,9437.0
1410.0,9463.0
1411.0,9498.0
1412.0,9501.0
1413.0,9588.0
1414.0,9632.0
1415.0,9510.0
1416.0,9402.0
1417.0,9434.0
1418.0,9414.0
1419.0,9330.0
1420.0,9338.0
1421.0,9335.0
1422.0,9264.0
1423.0,9225.0
1424.0,9238.0
1425.0,9149.0
1426.0,8933.0
1427.0,8894.0
1428.0,8941.0
1429.0,8860.0
1430.0,8740.0
1431.0,8702.0
1432.0,8657.0
1433.0,8502.0
1434.0,8432.0
1435.0,8382.0
1436.0,8307.0
1437.0,8154.0
1438.0,8083.0
1439.0,8018.0
1440.0,7979.0
1441.0,7922.0
1442.0,7802.0
1443.0,7665.0
1444.0,7547.0
1445.0,7449.0
1446.0,7288.0
1447.0,7222.0
1448.0,7105.0
1449.0,6894.0
1450.0,6800.0
1451.0,6618.0
1452.0,6464.0
1453.0,6299.0
1454.0,6194.0
1455.0,6024.0
1456.0,5952.0
1457.0,5817.0
1458.0,5713.0
1459.0,5549.0
1460.0,5450.0
1461.0,5262.0
1462.0,5021.0
1463.0,4828.0
1464.0,4696.0
1465.0,4515.0
1466.0,4441.0
1467.0,4397.0
1468.0,4276.0
1469.0,4208.0
1470.0,4072.0
1471.0,3943.0
1472.0,3803.0
1473.0,3673.0
1474.0,3580.0
1475.0,3473.0
1476.0,3366.0
1477.0,3244.0
1478.0,3144.0
1479.0,3050.0
1480.0,2948.0
1481.0,2822.0
1482.0,2690.0
1483.0,2558.0
1484.0,2555.0
1485.0,2457.0
1486.0,2354.0
1487.0,2337.0
1488.0,2244.0
1489.0,2138.0
1490.0,2114.0
1491.0,2037.0
1492.0,2012.0
1493.0,2021.0
1494.0,1911.0
1495.0,1932.0
1496.0,1880.0
1497.0,1894.0
1498.0,1888.0
1499.0,1808.0
1500.0,1802.0
1501.0,1759.0
1502.0,1720.0
1503.0,1691.0
1504.0,1646.0
1505.0,1716.0
1506.0,1747.0
1507.0,1689.0
1508.0,1671.0
1509.0,1688.0
1510.0,1693.0
1511.0,1611.0
1512.0,1654.0
1513.0,1612.0
1514.0,1611.0
1515.0,1617.0
1516.0,1612.0
1517.0,1559.0
1518.0,1525.0
1519.0,1552.0
1520.0,1538.0
1521.0,1562.0
1522.0,1504.0
1523.0,1454.0
1524.0,1505.0
1525.0,1470.0
1526.0,1472.0
1527.0,1443.0
1528.0,1442.0
1529.0,1432.0
1530.0,1440.0
1531.0,1467.0
1532.0,1475.0
1533.0,1469.0
1534.0,1396.0
1535.0,1351.0
1536.0,1327.0
1537.0,1328.0
1538.0,1358.0
1539.0,1366.0
1540.0,1355.0
1541.0,1389.0
1542.0,1290.0
1543.0,1329.0
1544.0,1339.0
1545.0,1253.0
1546.0,1237.0
1547.0,1249.0
1548.0,1227.0
1549.0,1297.0
1550.0,1269.0
1551.0,1255.0
1552.0,1275.0
1553.0,1236.0
1554.0,1234.0
1555.0,1294.0
1556.0,1305.0
1557.0,1291.0
1558.0,1239.0
1559.0,1288.0
1560.0,1256.0
1561.0,1213.0
1562.0,1225.0
1563.0,1273.0
1564.0,1240.0
1565.0,1273.0
1566.0,1219.0
1567.0,1211.0
1568.0,1184.0
1569.0,1177.0
1570.0,1239.0
1571.0,1270.0
1572.0,1250.0
1573.0,1231.0
1574.0,1225.0
1575.0,1164.0
1576.0,1206.0
1577.0,1203.0
1578.0,1206.0
1579.0,1142.0
1580.0,1151.0
1581.0,1136.0
1582.0,1195.0
1583.0,1175.0
1584.0,1155.0
1585.0,1196.0
1586.0,1166.0
1587.0,1098.0
1588.0,1126.0
1589.0,1162.0
1590.0,1124.0
1591.0,1168.0
1592.0,1209.0
1593.0,1172.0
1594.0,1121.0
1595.0,1171.0
1596.0,1208.0
1597.0,1122.0
1598.0,1078.0
1599.0,1089.0
1600.0,1105.0
1601.0,1118.0
1602.0,1138.0
1603.0,1126.0
1604.0,1130.0
1605.0,1074.0
1606.0,1113.0
1607.0,1082.0
1608.0,1018.0
1609.0,1036.0
1610.0,1083.0
1611.0,1131.0
1612.0,1131.0
1613.0,1082.0
1614.0,1142.0
1615.0,1166.0
1616.0,1085.0
1617.0,1028.0
1618.0,1021.0
1619.0,1032.0
1620.0,1095.0
1621.0,1115.0
1622.0,1100.0
1623.0,1102.0
1624.0,1105.0
1625.0,1069.0
1626.0,1129.0
1627.0,1075.0
1628.0,1022.0
1629.0,1006.0
1630.0,1050.0
1631.0,1073.0
1632.0,1037.0
1633.0,1076.0
1634.0,1045.0
1635.0,1076.0
1636.0,1084.0
1637.0,1059.0
1638.0,1127.0
1639.0,1064.0
1640.0,1049.0
1641.0,1037.0
1642.0,1055.0
1643.0,1026.0
1644.0,1068.0
1645.0,1078.0
1646.0,1098.0
1647.0,1011.0
1648.0,1024.0
1649.0,1006.0
1650.0,975.0
1651.0,967.0
1652.0,965.0
1653.0,1035.0
1654.0,1069.0
1655.0,1063.0
1656.0,1066.0
1657.0,1017.0
1658.0,993.0
1659.0,980.0
1660.0,964.0
1661.0,1040.0
1662.0,1071.0
1663.0,1050.0
1664.0,1060.0
1665.0,1052.0
1666.0,985.0
1667.0,1048.0
1668.0,1098.0
1669.0,1063.0
1670.0,1035.0
1671.0,966.0
1672.0,966.0
1673.0,991.0
1674.0,965.0
1675.0,999.0
1676.0,1007.0
1677.0,1032.0
1678.0,1010.0
1679.0,989.0
1680.0,1000.0
1681.0,1046.0
1682.0,1090.0
1683.0,1047.0
1684.0,1038.0
1685.0,1041.0
1686.0,996.0
1687.0,1080.0
1688.0,1087.0
1689.0,1049.0
1690.0,1047.0
1691.0,1018.0
1692.0,998.0
1693.0,968.0
1694.0,974.0
1695.0,1002.0
1696.0,1028.0
1697.0,1070.0
1698.0,1096.0
1699.0,1009.0
1700.0,959.0
1701.0,994.0
1702.0,1006.0
1703.0,1044.0
1704.0,1038.0
1705.0,1084.0
1706.0,1078.0
1707.0,1055.0
1708.0,982.0
1709.0,1039.0
1710.0,1069.0
1711.0,1074.0
1712.0,1033.0
1713.0,974.0
1714.0,1025.0
1715.0,1004.0
1716.0,997.0
1717.0,999.0
1718.0,1059.0
1719.0,1077.0
1720.0,1084.0
1721.0,1045.0
1722.0,1002.0
1723.0,966.0
1724.0,1008.0
1725.0,1033.0
1726.0,1055.0
1727.0,1105.0
1728.0,1051.0
1729.0,997.0
1730.0,974.0
1731.0,954.0
1732.0,926.0
1733.0,920.0
1734.0,937.0
1735.0,936.0
1736.0,1020.0
1737.0,978.0
1738.0,997.0
1739.0,985.0
1740.0,1028.0
1741.0,1009.0
1742.0,1061.0
1743.0,1036.0
1744.0,1088.0
1745.0,1033.0
1746.0,1008.0
1747.0,996.0
1748.0,1050.0
1749.0,1038.0
1750.0,1049.0
1751.0,1007.0
1752.0,1017.0
1753.0,1024.0
1754.0,1073.0
1755.0,1123.0
1756.0,1074.0
1757.0,1058.0
1758.0,989.0
1759.0,1023.0
1760.0,975.0
1761.0,1042.0
1762.0,1057.0
1763.0,1038.0
1764.0,1051.0
1765.0,1045.0
1766.0,1074.0
1767.0,1054.0
1768.0,1092.0
1769.0,1111.0
1770.0,1076.0
1771.0,1057.0
1772.0,1053.0
1773.0,1050.0
1774.0,1078.0
1775.0,1064.0
1776.0,1126.0
1777.0,1060.0
1778.0,1060.0
1779.0,1063.0
1780.0,1053.0
1781.0,1056.0
1782.0,1108.0
1783.0,1064.0
1784.0,1031.0
1785.0,1037.0
1786.0,1099.0
1787.0,1076.0
1788.0,1055.0
1789.0,1032.0
1790.0,1081.0
1791.0,1084.0
1792.0,1106.0
1793.0,1116.0
1794.0,1095.0
1795.0,1040.0
1796.0,1065.0
1797.0,1044.0
1798.0,1080.0
1799.0,1079.0
1800.0,1083.0
1801.0,1060.0
1802.0,1116.0
1803.0,1053.0
1804.0,1158.0
1805.0,1172.0
1806.0,1096.0
1807.0,1144.0
1808.0,1153.0
1809.0,1161.0
1810.0,1092.0
1811.0,1095.0
1812.0,1072.0
1813.0,1088.0
1814.0,1151.0
1815.0,1117.0
1816.0,1109.0
1817.0,1107.0
1818.0,1171.0
1819.0,1142.0
1820.0,1096.0
1821.0,1155.0
1822.0,1135.0
1823.0,1197.0
1824.0,1202.0
1825.0,1201.0
1826.0,1189.0
1827.0,1203.0
1828.0,1206.0
1829.0,1186.0
1830.0,1234.0
1831.0,1208.0
1832.0,1246.0
1833.0,1228.0
1834.0,1237.0
1835.0,1190.0
1836.0,1186.0
1837.0,1195.0
1838.0,1208.0
1839.0,1221.0
1840.0,1246.0
1841.0,1181.0
1842.0,1247.0
1843.0,1202.0
1844.0,1197.0
1845.0,1152.0
1846.0,1220.0
1847.0,1167.0
1848.0,1168.0
1849.0,1253.0
1850.0,1288.0
1851.0,1259.0
1852.0,1211.0
1853.0,1217.0
1854.0,1260.0
1855.0,1233.0
1856.0,1225.0
1857.0,1290.0
1858.0,1250.0
1859.0,1183.0
1860.0,1190.0
1861.0,1240.0
1862.0,1264.0
1863.0,1238.0
1864.0,1248.0
1865.0,1209.0
1866.0,1243.0
1867.0,1184.0
1868.0,1218.0
1869.0,1213.0
1870.0,1257.0
1871.0,1238.0
1872.0,1226.0
1873.0,1320.0
1874.0,1370.0
1875.0,1359.0
1876.0,1350.0
1877.0,1325.0
1878.0,1297.0
1879.0,1240.0
1880.0,1281.0
1881.0,1298.0
1882.0,1343.0
1883.0,1410.0
1884.0,1342.0
1885.0,1324.0
1886.0,1359.0
1887.0,1355.0
1888.0,1395.0
1889.0,1357.0
1890.0,1331.0
1891.0,1426.0
1892.0,1404.0
1893.0,1461.0
1894.0,1467.0
1895.0,1454.0
1896.0,1460.0
1897.0,1430.0
1898.0,1427.0
1899.0,1436.0
1900.0,1477.0
1901.0,1487.0
1902.0,1477.0
1903.0,1459.0
1904.0,1500.0
1905.0,1427.0
1906.0,1387.0
1907.0,1484.0
1908.0,1511.0
1909.0,1473.0
1910.0,1454.0
1911.0,1494.0
1912.0,1510.0
1913.0,1508.0
1914.0,1487.0
1915.0,1508.0
1916.0,1507.0
1917.0,1530.0
1918.0,1568.0
1919.0,1503.0
1920.0,1459.0
1921.0,1501.0
1922.0,1574.0
1923.0,1607.0
1924.0,1600.0
1925.0,1613.0
1926.0,1574.0
1927.0,1605.0
1928.0,1583.0
1929.0,1637.0
1930.0,1616.0
1931.0,1613.0
1932.0,1705.0
1933.0,1755.0
1934.0,1782.0
1935.0,1793.0
1936.0,1774.0
1937.0,1799.0
1938.0,1768.0
1939.0,1737.0
1940.0,1760.0
1941.0,1779.0
1942.0,1838.0
1943.0,1856.0
1944.0,1904.0
1945.0,1871.0
1946.0,1838.0
1947.0,1915.0
1948.0,1987.0
1949.0,2019.0
1950.0,2004.0
1951.0,2094.0
1952.0,2153.0
1953.0,2285.0
1954.0,2233.0
1955.0,2293.0
1956.0,2329.0
1957.0,2386.0
1958.0,2424.0
1959.0,2465.0
1960.0,2612.0
1961.0,2775.0
1962.0,2771.0
1963.0,2890.0
1964.0,2913.0
1965.0,3083.0
1966.0,3211.0
1967.0,3372.0
1968.0,3470.0
1969.0,3598.0
1970.0,3775.0
1971.0,4000.0
1972.0,4123.0
1973.0,4325.0
1974.0,4499.0
1975.0,4751.0
1976.0,4936.0
1977.0,5132.0
1978.0,5341.0
1979.0,5729.0
1980.0,6008.0
1981.0,6248.0
1982.0,6531.0
1983.0,6873.0
1984.0,7085.0
1985.0,7441.0
1986.0,7653.0
1987.0,7907.0
1988.0,8108.0
1989.0,8351.0
1990.0,8602.0
1991.0,8955.0
1992.0,9136.0
1993.0,9377.0
1994.0,9545.0
1995.0,9746.0
1996.0,9986.0
1997.0,10242.0
1998.0,10490.0
1999.0,10734.0
2000.0,10898.0
2001.0,11042.0
2002.0,11253.0
2003.0,11450.0
2004.0,11704.0
2005.0,11835.0
2006.0,12056.0
2007.0,12238.0
2008.0,12531.0
2009.0,12779.0
2010.0,12951.0
2011.0,13233.0
2012.0,13586.0
2013.0,13894.0
2014.0,14086.0
2015.0,14274.0
2016.0,14657.0
2017.0,14921.0
2018.0,15139.0
2019.0,15165.0
2020.0,15513.0
2021.0,15779.0
2022.0,15950.0
2023.0,16088.0
2024.0,16208.0
2025.0,16314.0
2026.0,16406.0
2027.0,16343.0
2028.0,16500.0
2029.0,16424.0
2030.0,16450.0
2031.0,16282.0
2032.0,16335.0
2033.0,16250.0
2034.0,16116.0
2035.0,15987.0
2036.0,15897.0
2037.0,15788.0
2038.0,15760.0
2039.0,15700.0
2040.0,15637.0
2041.0,15529.0
2042.0,15472.0
2043.0,15309.0
2044.0,15015.0
2045.0,14985.0
2046.0,14778.0
2047.0,14535.0
2048.0,14401.0
2049.0,14285.0
2050.0,14223.0
2051.0,14022.0
2052.0,13776.0
2053.0,13571.0
2054.0,13408.0
2055.0,13278.0
2056.0,13230.0
2057.0,13011.0
2058.0,12868.0
2059.0,12620.0
2060.0,12472.0
2061.0,12187.0
2062.0,12040.0
2063.0,11859.0
2064.0,11652.0
2065.0,11505.0
2066.0,11264.0
2067.0,11064.0
2068.0,10712.0
2069.0,10612.0
2070.0,10310.0
2071.0,10137.0
2072.0,9876.0
2073.0,9640.0
2074.0,9387.0
2075.0,9146.0
2076.0,8957.0
2077.0,8755.0
2078.0,8498.0
2079.0,8237.0
2080.0,7933.0
2081.0,7809.0
2082.0,7597.0
2083.0,7300.0
2084.0,6987.0
2085.0,6765.0
2086.0,6564.0
2087.0,6296.0
2088.0,6118.0
2089.0,5908.0
2090.0,5700.0
2091.0,5605.0
2092.0,5392.0
2093.0,5147.0
2094.0,4867.0
2095.0,4666.0
2096.0,4473.0
2097.0,4333.0
2098.0,4145.0
2099.0,4033.0
2100.0,3870.0
2101.0,3726.0
2102.0,3501.0
2103.0,3428.0
2104.0,3316.0
2105.0,3200.0
2106.0,3082.0
2107.0,3041.0
2108.0,2888.0
2109.0,2788.0
2110.0,2757.0
2111.0,2703.0
2112.0,2612.0
2113.0,2554.0
2114.0,2568.0
2115.0,2438.0
2116.0,2401.0
2117.0,2385.0
2118.0,2394.0
2119.0,2274.0
2120.0,2326.0
2121.0,2216.0
2122.0,2239.0
2123.0,2169.0
2124.0,2181.0
2125.0,2154.0
2126.0,2079.0
2127.0,2090.0
2128.0,2032.0
2129.0,2045.0
2130.0,1961.0
2131.0,1965.0
2132.0,2024.0
2133.0,2050.0
2134.0,1987.0
2135.0,2039.0
2136.0,2037.0
2137.0,1989.0
2138.0,2007.0
2139.0,2041.0
2140.0,2002.0
2141.0,2107.0
2142.0,2100.0
2143.0,2052.0
2144.0,2107.0
2145.0,2071.0
2146.0,2132.0
2147.0,2133.0
2148.0,2201.0
2149.0,2240.0
2150.0,2305.0
2151.0,2312.0
2152.0,2324.0
2153.0,2397.0
2154.0,2451.0
2155.0,2505.0
2156.0,2561.0
2157.0,2560.0
2158.0,2575.0
2159.0,2676.0
2160.0,2702.0
2161.0,2775.0
2162.0,2800.0
2163.0,2862.0
2164.0,2932.0
2165.0,3074.0
2166.0,3111.0
2167.0,3220.0
2168.0,3264.0
2169.0,3393.0
2170.0,3391.0
2171.0,3446.0
2172.0,3494.0
2173.0,3574.0
2174.0,3571.0
2175.0,3636.0
2176.0,3705.0
2177.0,3800.0
2178.0,3812.0
2179.0,3884.0
2180.0,3961.0
2181.0,4000.0
2182.0,4018.0
2183.0,4093.0
2184.0,4154.0
2185.0,4162.0
2186.0,4271.0
2187.0,4358.0
2188.0,4376.0
2189.0,4447.0
2190.0,4550.0
2191.0,4577.0
2192.0,4576.0
2193.0,4598.0
2194.0,4620.0
2195.0,4724.0
2196.0,4794.0
2197.0,4858.0
2198.0,4942.0
2199.0,4916.0
2200.0,4906.0
2201.0,4899.0
2202.0,4954.0
2203.0,5018.0
2204.0,5006.0
2205.0,5065.0
2206.0,5098.0
2207.0,5123.0
2208.0,5167.0
2209.0,5212.0
2210.0,5117.0
2211.0,5091.0
2212.0,5033.0
2213.0,5087.0
2214.0,4945.0
2215.0,4973.0
2216.0,5002.0
2217.0,5040.0
2218.0,4957.0
2219.0,4926.0
2220.0,4949.0
2221.0,4883.0
2222.0,4840.0
2223.0,4848.0
2224.0,4834.0
2225.0,4855.0
2226.0,4799.0
2227.0,4680.0
2228.0,4635.0
2229.0,4665.0
2230.0,4680.0
2231.0,4630.0
2232.0,4677.0
2233.0,4521.0
2234.0,4411.0
2235.0,4470.0
2236.0,4444.0
2237.0,4422.0
2238.0,4338.0
2239.0,4319.0
2240.0,4259.0
2241.0,4171.0
2242.0,4049.0
2243.0,4026.0
2244.0,3959.0
2245.0,3869.0
2246.0,3854.0
2247.0,3836.0
2248.0,3745.0
2249.0,3622.0
2250.0,3549.0
2251.0,3484.0
2252.0,3436.0
2253.0,3380.0
2254.0,3387.0
2255.0,3286.0
2256.0,3242.0
2257.0,3182.0
2258.0,3037.0
2259.0,3014.0
2260.0,2927.0
2261.0,2834.0
2262.0,2774.0
2263.0,2703.0
2264.0,2583.0
2265.0,2615.0
2266.0,2470.0
2267.0,2417.0
2268.0,2368.0
2269.0,2280.0
2270.0,2273.0
2271.0,2252.0
2272.0,2146.0
2273.0,2120.0
2274.0,2009.0
2275.0,1916.0
2276.0,1913.0
2277.0,1938.0
2278.0,1809.0
2279.0,1739.0
2280.0,1700.0
2281.0,1631.0
2282.0,1648.0
2283.0,1627.0
2284.0,1560.0
2285.0,1519.0
2286.0,1506.0
2287.0,1492.0
2288.0,1474.0
2289.0,1415.0
2290.0,1397.0
2291.0,1410.0
2292.0,1367.0
2293.0,1257.0
2294.0,1292.0
2295.0,1237.0
2296.0,1261.0
2297.0,1299.0
2298.0,1259.0
2299.0,1208.0
2300.0,1214.0
2301.0,1174.0
2302.0,1206.0
2303.0,1137.0
2304.0,1098.0
2305.0,1073.0
2306.0,1105.0
2307.0,1062.0
2308.0,1065.0
2309.0,1096.0
2310.0,1142.0
2311.0,1088.0
2312.0,1048.0
2313.0,1085.0
2314.0,1082.0
2315.0,1011.0
2316.0,1023.0
2317.0,981.0
2318.0,1019.0
2319.0,992.0
2320.0,1061.0
2321.0,1036.0
2322.0,993.0
2323.0,1019.0
2324.0,1039.0
2325.0,1073.0
2326.0,1051.0
2327.0,1054.0
2328.0,1045.0
2329.0,1032.0
2330.0,1051.0
2331.0,976.0
2332.0,1009.0
2333.0,957.0
2334.0,993.0
2335.0,1021.0
2336.0,1039.0
2337.0,1022.0
2338.0,1005.0
2339.0,1002.0
2340.0,946.0
2341.0,886.0
2342.0,923.0
2343.0,898.0
2344.0,937.0
2345.0,941.0
2346.0,910.0
2347.0,944.0
2348.0,960.0
2349.0,919.0
2350.0,889.0
2351.0,883.0
2352.0,882.0
2353.0,883.0
2354.0,844.0
2355.0,884.0
2356.0,932.0
2357.0,898.0
2358.0,837.0
2359.0,872.0
2360.0,865.0
2361.0,815.0
2362.0,783.0
2363.0,760.0
2364.0,853.0
2365.0,850.0
2366.0,841.0
2367.0,851.0
2368.0,850.0
2369.0,871.0
2370.0,882.0
2371.0,875.0
2372.0,879.0
2373.0,880.0
2374.0,880.0
2375.0,827.0
2376.0,899.0
2377.0,805.0
2378.0,807.0
2379.0,852.0
2380.0,809.0
2381.0,776.0
2382.0,828.0
2383.0,845.0
2384.0,846.0
2385.0,841.0
2386.0,767.0
2387.0,807.0
2388.0,812.0
2389.0,824.0
2390.0,810.0
2391.0,792.0
2392.0,797.0
2393.0,772.0
2394.0,753.0
2395.0,804.0
2396.0,791.0
2397.0,746.0
2398.0,829.0
2399.0,816.0
2400.0,745.0
2401.0,789.0
2402.0,815.0
2403.0,834.0
2404.0,762.0
2405.0,796.0
2406.0,738.0
2407.0,758.0
2408.0,761.0
2409.0,736.0
2410.0,774.0
2411.0,784.0
2412.0,797.0
2413.0,726.0
2414.0,769.0
2415.0,727.0
2416.0,723.0
2417.0,779.0
2418.0,762.0
2419.0,761.0
2420.0,779.0
2421.0,770.0
2422.0,765.0
2423.0,806.0
2424.0,733.0
2425.0,765.0
2426.0,709.0
2427.0,717.0
2428.0,687.0
2429.0,716.0
2430.0,658.0
2431.0,693.0
2432.0,752.0
2433.0,720.0
2434.0,677.0
2435.0,683.0
2436.0,692.0
2437.0,699.0
2438.0,679.0
2439.0,708.0
2440.0,734.0
2441.0,739.0
2442.0,698.0
2443.0,702.0
2444.0,730.0
2445.0,669.0
2446.0,634.0
2447.0,611.0
2448.0,650.0
2449.0,699.0
2450.0,715.0
2451.0,737.0
2452.0,689.0
2453.0,665.0
2454.0,715.0
2455.0,717.0
2456.0,645.0
2457.0,593.0
2458.0,635.0
2459.0,638.0
2460.0,625.0
2461.0,668.0
2462.0,720.0
2463.0,680.0
2464.0,666.0
2465.0,707.0
2466.0,740.0
2467.0,747.0
2468.0,665.0
2469.0,597.0
2470.0,652.0
2471.0,710.0
2472.0,668.0
2473.0,642.0
2474.0,614.0
2475.0,661.0
2476.0,657.0
2477.0,677.0
2478.0,652.0
2479.0,646.0
2480.0,614.0
2481.0,597.0
2482.0,662.0
2483.0,683.0
2484.0,626.0
2485.0,696.0
2486.0,637.0
2487.0,662.0
2488.0,636.0
2489.0,696.0
2490.0,634.0
2491.0,640.0
2492.0,673.0
2493.0,622.0
2494.0,641.0
2495.0,643.0
2496.0,670.0
2497.0,687.0
2498.0,673.0
2499.0,726.0
2500.0,634.0
2501.0,674.0
2502.0,651.0
2503.0,641.0
2504.0,548.0
2505.0,588.0
2506.0,621.0
2507.0,589.0
2508.0,593.0
2509.0,595.0
2510.0,573.0
2511.0,576.0
2512.0,642.0
2513.0,640.0
2514.0,618.0
2515.0,630.0
2516.0,625.0
2517.0,645.0
2518.0,609.0
2519.0,616.0
2520.0,592.0
2521.0,607.0
2522.0,587.0
2523.0,656.0
2524.0,617.0
2525.0,633.0
2526.0,623.0
2527.0,575.0
2528.0,614.0
2529.0,637.0
2530.0,657.0
2531.0,612.0
2532.0,594.0
2533.0,644.0
2534.0,579.0
2535.0,602.0
2536.0,634.0
2537.0,627.0
2538.0,557.0
2539.0,529.0
2540.0,571.0
2541.0,558.0
2542.0,562.0
2543.0,608.0
2544.0,568.0
2545.0,550.0
2546.0,512.0
2547.0,576.0
2548.0,577.0
2549.0,610.0
2550.0,558.0
2551.0,593.0
2552.0,637.0
2553.0,611.0
2554.0,551.0
2555.0,513.0
2556.0,533.0
2557.0,538.0
2558.0,586.0
2559.0,561.0
2560.0,585.0
2561.0,627.0
2562.0,614.0
2563.0,568.0
2564.0,559.0
2565.0,562.0
2566.0,564.0
2567.0,580.0
2568.0,559.0
2569.0,542.0
2570.0,523.0
2571.0,564.0
2572.0,540.0
2573.0,504.0
2574.0,579.0
2575.0,532.0
2576.0,502.0
2577.0,464.0
2578.0,577.0
2579.0,538.0
2580.0,598.0
2581.0,538.0
2582.0,522.0
2583.0,526.0
2584.0,584.0
2585.0,578.0
2586.0,592.0
2587.0,546.0
2588.0,608.0
2589.0,572.0
2590.0,611.0
2591.0,597.0
2592.0,530.0
2593.0,496.0
2594.0,506.0
2595.0,536.0
2596.0,587.0
2597.0,549.0
2598.0,552.0
2599.0,577.0
2600.0,565.0
2601.0,560.0
2602.0,491.0
2603.0,497.0
2604.0,513.0
2605.0,465.0
2606.0,550.0
2607.0,481.0
2608.0,488.0
2609.0,534.0
2610.0,509.0
2611.0,539.0
2612.0,493.0
2613.0,566.0
2614.0,595.0
2615.0,543.0
2616.0,517.0
2617.0,570.0
2618.0,552.0
2619.0,546.0
2620.0,484.0
2621.0,473.0
2622.0,483.0
2623.0,473.0
2624.0,556.0
2625.0,528.0
2626.0,554.0
2627.0,518.0
2628.0,492.0
2629.0,495.0
2630.0,574.0
2631.0,593.0
2632.0,591.0
2633.0,518.0
2634.0,500.0
2635.0,496.0
2636.0,537.0
2637.0,514.0
2638.0,517.0
2639.0,543.0
2640.0,539.0
2641.0,491.0
2642.0,477.0
2643.0,534.0
2644.0,546.0
2645.0,534.0
2646.0,486.0
2647.0,488.0
2648.0,560.0
2649.0,515.0
2650.0,502.0
2651.0,531.0
2652.0,529.0
2653.0,576.0
2654.0,545.0
2655.0,568.0
2656.0,580.0
2657.0,496.0
2658.0,484.0
2659.0,508.0
2660.0,523.0
2661.0,504.0
2662.0,540.0
2663.0,554.0
2664.0,521.0
2665.0,520.0
2666.0,541.0
2667.0,490.0
2668.0,478.0
2669.0,494.0
2670.0,535.0
2671.0,500.0
2672.0,528.0
2673.0,507.0
2674.0,480.0
2675.0,489.0
2676.0,536.0
2677.0,526.0
2678.0,490.0
2679.0,511.0
2680.0,434.0
2681.0,410.0
2682.0,437.0
2683.0,518.0
2684.0,546.0
2685.0,535.0
2686.0,549.0
2687.0,556.0
2688.0,570.0
2689.0,509.0
2690.0,494.0
2691.0,506.0
2692.0,531.0
2693.0,534.0
2694.0,541.0
2695.0,549.0
2696.0,516.0
2697.0,558.0
2698.0,535.0
2699.0,464.0
2700.0,427.0
2701.0,425.0
2702.0,507.0
2703.0,533.0
2704.0,485.0
2705.0,439.0
2706.0,453.0
2707.0,469.0
2708.0,494.0
2709.0,511.0
2710.0,510.0
2711.0,489.0
2712.0,486.0
2713.0,497.0
2714.0,514.0
2715.0,530.0
2716.0,497.0
2717.0,474.0
2718.0,522.0
2719.0,454.0
2720.0,418.0
2721.0,401.0
2722.0,451.0
2723.0,463.0
2724.0,455.0
2725.0,508.0
2726.0,465.0
2727.0,456.0
2728.0,501.0
2729.0,450.0
2730.0,440.0
2731.0,452.0
2732.0,453.0
2733.0,419.0
2734.0,407.0
2735.0,417.0
2736.0,403.0
2737.0,432.0
2738.0,505.0
2739.0,444.0
2740.0,469.0
2741.0,464.0
2742.0,431.0
2743.0,457.0
2744.0,483.0
2745.0,420.0
2746.0,476.0
2747.0,448.0
2748.0,498.0
2749.0,465.0
2750.0,473.0
2751.0,501.0
2752.0,497.0
2753.0,460.0
2754.0,457.0
2755.0,466.0
2756.0,499.0
2757.0,431.0
2758.0,467.0
2759.0,532.0
2760.0,502.0
2761.0,479.0
2762.0,528.0
2763.0,470.0
2764.0,424.0
2765.0,464.0
2766.0,469.0
2767.0,518.0
2768.0,504.0
2769.0,499.0
2770.0,471.0
2771.0,418.0
2772.0,429.0
2773.0,424.0
2774.0,477.0
2775.0,415.0
2776.0,406.0
2777.0,384.0
2778.0,381.0
2779.0,374.0
2780.0,437.0
2781.0,425.0
2782.0,435.0
2783.0,402.0
2784.0,458.0
2785.0,402.0
2786.0,379.0
2787.0,364.0
2788.0,422.0
2789.0,399.0
2790.0,428.0
2791.0,391.0
2792.0,455.0
2793.0,469.0
2794.0,476.0
2795.0,488.0
2796.0,439.0
2797.0,439.0
2798.0,408.0
2799.0,469.0
2800.0,459.0
2801.0,474.0
2802.0,449.0
2803.0,423.0
2804.0,462.0
2805.0,468.0
2806.0,431.0
2807.0,402.0
2808.0,374.0
2809.0,430.0
2810.0,455.0
2811.0,452.0
2812.0,470.0
2813.0,451.0
2814.0,488.0
2815.0,444.0
2816.0,478.0
2817.0,478.0
2818.0,494.0
2819.0,511.0
2820.0,438.0
2821.0,460.0
2822.0,406.0
2823.0,414.0
2824.0,385.0
2825.0,396.0
2826.0,431.0
2827.0,407.0
2828.0,455.0
2829.0,431.0
2830.0,437.0
2831.0,392.0
2832.0,418.0
2833.0,480.0
2834.0,446.0
2835.0,440.0
2836.0,437.0
2837.0,403.0
2838.0,441.0
2839.0,389.0
2840.0,443.0
2841.0,395.0
2842.0,432.0
2843.0,435.0
2844.0,412.0
2845.0,393.0
2846.0,375.0
2847.0,372.0
2848.0,375.0
2849.0,440.0
2850.0,462.0
2851.0,475.0
2852.0,425.0
2853.0,446.0
2854.0,410.0
2855.0,464.0
2856.0,436.0
2857.0,436.0
2858.0,455.0
2859.0,427.0
2860.0,495.0
2861.0,500.0
2862.0,412.0
2863.0,467.0
2864.0,445.0
2865.0,417.0
2866.0,455.0
2867.0,445.0
2868.0,451.0
2869.0,499.0
2870.0,434.0
2871.0,431.0
2872.0,386.0
2873.0,441.0
2874.0,401.0
2875.0,406.0
2876.0,413.0
2877.0,462.0
2878.0,465.0
2879.0,468.0
2880.0,429.0
2881.0,489.0
2882.0,517.0
2883.0,509.0
2884.0,540.0
2885.0,489.0
2886.0,459.0
2887.0,496.0
2888.0,479.0
2889.0,485.0
2890.0,440.0
2891.0,401.0
2892.0,409.0
2893.0,393.0
2894.0,427.0
2895.0,416.0
2896.0,473.0
2897.0,493.0
2898.0,531.0
2899.0,498.0
2900.0,510.0
2901.0,488.0
2902.0,486.0
2903.0,515.0
2904.0,510.0
2905.0,516.0
2906.0,463.0
2907.0,512.0
2908.0,501.0
2909.0,445.0
2910.0,433.0
2911.0,413.0
2912.0,441.0
2913.0,442.0
2914.0,470.0
2915.0,484.0
2916.0,462.0
2917.0,471.0
2918.0,417.0
2919.0,446.0
2920.0,407.0
2921.0,385.0
2922.0,442.0
2923.0,362.0
2924.0,405.0
2925.0,369.0
2926.0,436.0
2927.0,396.0
2928.0,474.0
2929.0,459.0
2930.0,470.0
2931.0,414.0
2932.0,449.0
2933.0,489.0
2934.0,458.0
2935.0,474.0
2936.0,416.0
2937.0,395.0
2938.0,383.0
2939.0,438.0
2940.0,440.0
2941.0,443.0
2942.0,449.0
2943.0,468.0
2944.0,408.0
2945.0,440.0
2946.0,390.0
2947.0,347.0
2948.0,307.0
2949.0,343.0
2950.0,397.0
2951.0,370.0
2952.0,421.0
2953.0,371.0
2954.0,359.0
2955.0,335.0
2956.0,367.0
2957.0,338.0
2958.0,428.0
2959.0,441.0
2960.0,411.0
2961.0,442.0
2962.0,402.0
2963.0,369.0
2964.0,407.0
2965.0,390.0
2966.0,417.0
2967.0,468.0
2968.0,452.0
2969.0,385.0
2970.0,430.0
2971.0,399.0
2972.0,378.0
2973.0,427.0
2974.0,411.0
2975.0,384.0
2976.0,404.0
2977.0,454.0
2978.0,441.0
2979.0,375.0
2980.0,410.0
2981.0,408.0
2982.0,431.0
2983.0,433.0
2984.0,423.0
2985.0,438.0
2986.0,384.0
2987.0,391.0
2988.0,421.0
2989.0,365.0
2990.0,338.0
2991.0,397.0
2992.0,350.0
2993.0,344.0
2994.0,332.0
2995.0,373.0
2996.0,421.0
2997.0,424.0
2998.0,381.0
2999.0,418.0
3000.0,456.0
3001.0,391.0
3002.0,404.0
3003.0,364.0
3004.0,388.0
3005.0,336.0
3006.0,379.0
3007.0,372.0
3008.0,350.0
3009.0,340.0
3010.0,311.0
3011.0,320.0
3012.0,308.0
3013.0,338.0
3014.0,314.0
3015.0,313.0
3016.0,289.0
3017.0,378.0
3018.0,344.0
3019.0,358.0
3020.0,346.0
3021.0,380.0
3022.0,379.0
3023.0,388.0
3024.0,342.0
3025.0,311.0
3026.0,353.0
3027.0,334.0
3028.0,349.0
3029.0,370.0
3030.0,310.0
3031.0,312.0
3032.0,363.0
3033.0,326.0
3034.0,361.0
3035.0,308.0
3036.0,287.0
3037.0,339.0
3038.0,357.0
3039.0,319.0
3040.0,336.0
3041.0,332.0
3042.0,301.0
3043.0,336.0
3044.0,376.0
3045.0,413.0
3046.0,364.0
3047.0,378.0
3048.0,307.0
3049.0,266.0
3050.0,310.0
3051.0,284.0
3052.0,265.0
3053.0,298.0
3054.0,331.0
3055.0,315.0
3056.0,320.0
3057.0,272.0
3058.0,324.0
3059.0,316.0
3060.0,335.0
3061.0,330.0
3062.0,349.0
3063.0,313.0
3064.0,353.0
3065.0,427.0
3066.0,392.0
3067.0,393.0
3068.0,334.0
3069.0,322.0
3070.0,353.0
3071.0,373.0
3072.0,386.0
3073.0,357.0
3074.0,324.0
3075.0,336.0
3076.0,276.0
3077.0,312.0
3078.0,373.0
3079.0,362.0
3080.0,362.0
3081.0,302.0
3082.0,299.0
3083.0,277.0
3084.0,344.0
3085.0,365.0
3086.0,386.0
3087.0,358.0
3088.0,308.0
3089.0,327.0
3090.0,300.0
3091.0,331.0
3092.0,316.0
3093.0,372.0
3094.0,294.0
3095.0,270.0
3096.0,283.0
3097.0,326.0
3098.0,276.0
3099.0,263.0
3100.0,261.0
3101.0,250.0
3102.0,321.0
3103.0,355.0
3104.0,307.0
3105.0,340.0
3106.0,323.0
3107.0,302.0
3108.0,295.0
3109.0,313.0
3110.0,281.0
3111.0,266.0
3112.0,288.0
3113.0,311.0
3114.0,356.0
3115.0,338.0
3116.0,339.0
3117.0,285.0
3118.0,290.0
3119.0,297.0
3120.0,350.0
3121.0,309.0
3122.0,315.0
3123.0,280.0
3124.0,266.0
3125.0,305.0
3126.0,278.0
3127.0,336.0
3128.0,321.0
3129.0,269.0
3130.0,315.0
3131.0,321.0
3132.0,274.0
3133.0,307.0
3134.0,322.0
3135.0,326.0
3136.0,361.0
3137.0,347.0
3138.0,292.0
3139.0,337.0
3140.0,344.0
3141.0,289.0
3142.0,300.0
3143.0,286.0
3144.0,334.0
3145.0,353.0
3146.0,299.0
3147.0,283.0
3148.0,244.0
3149.0,310.0
3150.0,297.0
3151.0,329.0
3152.0,296.0
3153.0,335.0
3154.0,306.0
3155.0,343.0
3156.0,348.0
3157.0,348.0
3158.0,305.0
3159.0,348.0
3160.0,358.0
3161.0,311.0
3162.0,262.0
3163.0,279.0
3164.0,264.0
3165.0,277.0
3166.0,346.0
3167.0,300.0
3168.0,262.0
3169.0,250.0
3170.0,324.0
3171.0,278.0
3172.0,291.0
3173.0,321.0
3174.0,290.0
3175.0,261.0
3176.0,282.0
3177.0,311.0
3178.0,331.0
3179.0,303.0
3180.0,289.0
3181.0,309.0
3182.0,343.0
3183.0,292.0
3184.0,268.0
3185.0,265.0
3186.0,285.0
3187.0,245.0
3188.0,314.0
3189.0,279.0
3190.0,324.0
3191.0,341.0
3192.0,281.0
3193.0,248.0
3194.0,324.0
3195.0,316.0
3196.0,351.0
3197.0,304.0
3198.0,279.0
3199.0,278.0
3200.0,261.0
3201.0,322.0
3202.0,336.0
3203.0,352.0
3204.0,299.0
3205.0,264.0
3206.0,325.0
3207.0,335.0
3208.0,295.0
3209.0,281.0
3210.0,300.0
3211.0,312.0
3212.0,330.0
3213.0,263.0
3214.0,224.0
3215.0,286.0
3216.0,235.0
3217.0,304.0
3218.0,353.0
3219.0,286.0
3220.0,341.0
3221.0,362.0
3222.0,315.0
3223.0,307.0
3224.0,281.0
3225.0,320.0
3226.0,280.0
3227.0,307.0
3228.0,360.0
3229.0,351.0
3230.0,312.0
3231.0,324.0
3232.0,286.0
3233.0,332.0
3234.0,303.0
3235.0,264.0
3236.0,229.0
3237.0,289.0
3238.0,345.0
3239.0,296.0
3240.0,298.0
3241.0,274.0
3242.0,340.0
3243.0,357.0
3244.0,342.0
3245.0,312.0
3246.0,255.0
3247.0,319.0
3248.0,304.0
3249.0,263.0
3250.0,254.0
3251.0,237.0
3252.0,227.0
3253.0,276.0
3254.0,342.0
3255.0,311.0
3256.0,267.0
3257.0,303.0
3258.0,300.0
3259.0,255.0
3260.0,323.0
3261.0,341.0
3262.0,285.0
3263.0,231.0
3264.0,268.0
3265.0,308.0
3266.0,299.0
3267.0,330.0
3268.0,320.0
3269.0,348.0
3270.0,319.0
3271.0,351.0
3272.0,276.0
3273.0,302.0
3274.0,269.0
3275.0,250.0
3276.0,264.0
3277.0,251.0
3278.0,238.0
3279.0,240.0
3280.0,278.0
3281.0,349.0
3282.0,288.0
3283.0,319.0
3284.0,321.0
3285.0,325.0
3286.0,307.0
3287.0,261.0
3288.0,229.0
3289.0,272.0
3290.0,316.0
3291.0,322.0
3292.0,296.0
3293.0,237.0
3294.0,231.0
3295.0,302.0
3296.0,329.0
3297.0,311.0
3298.0,271.0
3299.0,249.0
3300.0,283.0
3301.0,280.0
3302.0,314.0
3303.0,320.0
3304.0,264.0
3305.0,222.0
3306.0,290.0
3307.0,285.0
3308.0,322.0
3309.0,261.0
3310.0,300.0
3311.0,291.0
3312.0,263.0
3313.0,248.0
3314.0,229.0
3315.0,243.0
3316.0,222.0
3317.0,295.0
3318.0,331.0
3319.0,281.0
3320.0,285.0
3321.0,241.0
3322.0,272.0
3323.0,298.0
3324.0,308.0
3325.0,253.0
3326.0,306.0
3327.0,282.0
3328.0,246.0
3329.0,258.0
3330.0,283.0
3331.0,328.0
3332.0,346.0
3333.0,338.0
3334.0,342.0
3335.0,263.0
3336.0,300.0
3337.0,323.0
3338.0,279.0
3339.0,296.0
3340.0,295.0
3341.0,334.0
3342.0,325.0
3343.0,339.0
3344.0,285.0
3345.0,228.0
3346.0,253.0
3347.0,233.0
3348.0,213.0
3349.0,206.0
3350.0,246.0
3351.0,303.0
3352.0,309.0
3353.0,316.0
3354.0,276.0
3355.0,318.0
3356.0,329.0
3357.0,310.0
3358.0,280.0
3359.0,261.0
3360.0,297.0
3361.0,280.0
3362.0,239.0
3363.0,300.0
3364.0,313.0
3365.0,342.0
3366.0,333.0
3367.0,296.0
3368.0,308.0
3369.0,295.0
3370.0,268.0
3371.0,261.0
3372.0,253.0
3373.0,309.0
3374.0,262.0
3375.0,267.0
3376.0,272.0
3377.0,327.0
3378.0,294.0
3379.0,329.0
3380.0,315.0
3381.0,301.0
3382.0,343.0
3383.0,275.0
3384.0,252.0
3385.0,312.0
3386.0,288.0
3387.0,266.0
3388.0,318.0
3389.0,336.0
3390.0,347.0
3391.0,307.0
3392.0,320.0
3393.0,338.0
3394.0,309.0
3395.0,358.0
3396.0,337.0
3397.0,313.0
3398.0,294.0
3399.0,225.0
3400.0,227.0
3401.0,255.0
3402.0,311.0
3403.0,312.0
3404.0,308.0
3405.0,269.0
3406.0,239.0
3407.0,254.0
3408.0,302.0
3409.0,291.0
3410.0,321.0
3411.0,318.0
3412.0,345.0
3413.0,368.0
3414.0,308.0
3415.0,262.0
3416.0,274.0
3417.0,307.0
3418.0,315.0
3419.0,294.0
3420.0,233.0
3421.0,250.0
3422.0,259.0
3423.0,329.0
3424.0,311.0
3425.0,289.0
3426.0,222.0
3427.0,251.0
3428.0,225.0
3429.0,225.0
3430.0,244.0
3431.0,265.0
3432.0,263.0
3433.0,326.0
3434.0,330.0
3435.0,276.0
3436.0,257.0
3437.0,251.0
3438.0,249.0
3439.0,321.0
3440.0,339.0
3441.0,286.0
3442.0,322.0
3443.0,296.0
3444.0,227.0
3445.0,287.0
3446.0,262.0
3447.0,275.0
3448.0,257.0
3449.0,298.0
3450.0,254.0
3451.0,256.0
3452.0,216.0
3453.0,297.0
3454.0,298.0
3455.0,301.0
3456.0,257.0
3457.0,235.0
3458.0,268.0
3459.0,275.0
3460.0,245.0
3461.0,289.0
3462.0,284.0
3463.0,241.0
3464.0,274.0
3465.0,247.0
3466.0,253.0
3467.0,217.0
3468.0,259.0
3469.0,290.0
3470.0,255.0
3471.0,288.0
3472.0,270.0
3473.0,320.0
3474.0,271.0
3475.0,279.0
3476.0,272.0
3477.0,271.0
3478.0,250.0
3479.0,278.0
3480.0,252.0
3481.0,253.0
3482.0,285.0
3483.0,290.0
3484.0,299.0
3485.0,248.0
3486.0,293.0
3487.0,291.0
3488.0,262.0
3489.0,239.0
3490.0,233.0
3491.0,229.0
3492.0,257.0
3493.0,272.0
3494.0,261.0
3495.0,273.0
3496.0,248.0
3497.0,222.0
3498.0,244.0
3499.0,283.0
3500.0,316.0
3501.0,305.0
3502.0,320.0
3503.0,329.0
3504.0,312.0
3505.0,262.0
3506.0,211.0
3507.0,255.0
3508.0,306.0
3509.0,259.0
3510.0,313.0
3511.0,272.0
3512.0,232.0
3513.0,244.0
3514.0,262.0
3515.0,262.0
3516.0,236.0
3517.0,252.0
3518.0,279.0
3519.0,308.0
3520.0,324.0
3521.0,280.0
3522.0,250.0
3523.0,290.0
3524.0,306.0
3525.0,260.0
3526.0,238.0
3527.0,241.0
3528.0,327.0
3529.0,325.0
3530.0,263.0
3531.0,221.0
3532.0,236.0
3533.0,267.0
3534.0,311.0
3535.0,329.0
3536.0,292.0
3537.0,254.0
3538.0,245.0
3539.0,234.0
3540.0,262.0
3541.0,299.0
3542.0,328.0
3543.0,306.0
3544.0,260.0
3545.0,248.0
3546.0,324.0
3547.0,278.0
3548.0,239.0
3549.0,292.0
3550.0,300.0
3551.0,307.0
3552.0,328.0
3553.0,340.0
3554.0,324.0
3555.0,269.0
3556.0,328.0
3557.0,268.0
3558.0,257.0
3559.0,329.0
3560.0,298.0
3561.0,306.0
3562.0,297.0
3563.0,225.0
3564.0,247.0
3565.0,286.0
3566.0,287.0
3567.0,287.0
3568.0,290.0
3569.0,331.0
3570.0,298.0
3571.0,272.0
3572.0,247.0
3573.0,311.0
3574.0,265.0
3575.0,241.0
3576.0,290.0
3577.0,297.0
3578.0,279.0
3579.0,337.0
3580.0,307.0
3581.0,326.0
3582.0,295.0
3583.0,342.0
3584.0,348.0
3585.0,313.0
3586.0,253.0
3587.0,296.0
3588.0,266.0
3589.0,249.0
3590.0,240.0
3591.0,277.0
3592.0,251.0
3593.0,229.0
3594.0,294.0
3595.0,275.0
3596.0,254.0
3597.0,254.0
3598.0,306.0
3599.0,271.0
3600.0,273.0
3601.0,258.0
3602.0,235.0
3603.0,201.0
3604.0,208.0
3605.0,215.0
3606.0,202.0
3607.0,277.0
3608.0,300.0
3609.0,299.0
3610.0,272.0
3611.0,274.0
3612.0,233.0
3613.0,225.0
3614.0,268.0
3615.0,274.0
3616.0,249.0
3617.0,292.0
3618.0,239.0
3619.0,292.0
3620.0,310.0
3621.0,273.0
3622.0,317.0
3623.0,320.0
3624.0,275.0
3625.0,215.0
3626.0,257.0
3627.0,226.0
3628.0,219.0
3629.0,272.0
3630.0,311.0
3631.0,278.0
3632.0,274.0
3633.0,245.0
3634.0,230.0
3635.0,208.0
3636.0,268.0
3637.0,241.0
3638.0,270.0
3639.0,282.0
3640.0,313.0
3641.0,258.0
3642.0,319.0
3643.0,320.0
3644.0,315.0
3645.0,296.0
3646.0,320.0
3647.0,335.0
